{
    "ICU": {
      "ICU_30013": 1.0
    },
    "NICU": {
      "NICU_30012": 1.0
    },
    "中医科": {
      "中医科_10007": 0.00805131
    },
    "中心供应室": {
      "中心供应室_10003": 1.0
    },
    "产前诊断门诊": {
      "产前诊断门诊_30009": 0.00900655
    },
    "产科": {
      "产科_30006": 0.032887555
    },
    "介入科": {
      "介入科_20013": 0.021697598
    },
    "体检科": {
      "体检科_10009": 0.059224891
    },
    "儿科": {
      "儿科_10006": 0.095796943
    },
    "全科": {
      "全科_10004": 0.034525109
    },
    "内诊药房": {
      "内诊药房_10001": 0.077783843
    },
    "内镜中心": {
      "内镜中心_20002": 0.022379913
    },
    "口腔一区": {
      "口腔一区_40004": 0.023335153
    },
    "口腔科二区": {
      "口腔科二区_40008": 0.009688865
    },
    "呼吸内科": {
      "呼吸内科_20011": 0.022516376
    },
    "妇科": {
      "妇科_30005": 0.063318777
    },
    "心血管内科": {
      "心血管内科_20006": 0.069868996
    },
    "急诊科": {
      "急诊科_1": 1.0
    },
    "手术室": {
      "手术室_30007": 1.0,
      "手术室_40006": 1.0
    },
    "挂号收费": {
      "挂号收费_10002": 0.01388509825,
      "挂号收费_20001": 0.01388509825,
      "挂号收费_30001": 0.01388509825,
      "挂号收费_40001": 0.01388509825
    },
    "放射科": {
      "放射科_10005": 0.03029476
    },
    "检验中心": {
      "检验中心_20003": 1.0
    },
    "泌尿外科": {
      "泌尿外科_30003": 0.00996179
    },
    "消化内科": {
      "消化内科_20004": 0.020196507
    },
    "烧伤整形科": {
      "烧伤整形科_30011": 0.002865721
    },
    "生殖医学科": {
      "生殖医学科_30010": 0.007641921
    },
    "甲状腺外科": {
      "甲状腺外科_30002": 0.025791485
    },
    "病理科": {
      "病理科_20008": 1.0
    },
    "皮肤科": {
      "皮肤科_40005": 0.031113537
    },
    "眼科": {
      "眼科_40002": 0.034798035
    },
    "神经内科": {
      "神经内科_20010": 0.028247817
    },
    "综合激光科": {
      "综合激光科_40009": 0.007368996
    },
    "耳鼻喉科": {
      "耳鼻喉科_40003": 0.044077511
    },
    "肝胆胰外科": {
      "肝胆胰外科_30004": 0.015829694
    },
    "肾内科": {
      "肾内科_20005": 0.013782751
    },
    "肿瘤科": {
      "肿瘤科_20012": 0.00996179
    },
    "超声科": {
      "超声科_10008": 0.034525109
    },
    "透析中心": {
      "透析中心_30008": 0.007641921
    },
    "采血处": {
      "采血处_20007": 0.036844978
    },
    "门": {
      "门_11072": 0.046019042,
      "门_11083": 0.182080284,
      "门_11086": 0.046019042,
      "门_11087": 0.046019042,
      "门_11093": 0.182080284,
      "门_11094": 0.046019042,
      "门_11112": 0.037939511,
      "门_11113": 0.081614043,
      "门_11116": 0.081614043,
      "门_11118": 0.037939511,
      "门_11119": 0.081614043,
      "门_11122": 0.037939511,
      "门_11145": 0.063429585,
      "门_11146": 0.053365481,
      "门_11147": 0.063429585,
      "门_11149": 0.053365481,
      "门_11153": 0.063429585,
      "门_11154": 0.053365481,
      "门_11155": 0.063429585,
      "门_11165": 0.063429585
    },
    "门诊手术室": {
      "门诊手术室_40007": 1.0
    },
    "静配中心": {
      "静配中心_40010": 1.0
    },
    "骨科": {
      "骨科_20009": 0.033433406
    }
  }